{"cameraMode":{"drawMode":0,"name":"Shaded","section":"Shading Mode"},"sceneLighting":true,"audioPlay":false,"sceneViewState":{"m_AlwaysRefresh":false,"showFog":true,"showSkybox":true,"showFlares":true,"showImageEffects":true,"showParticleSystems":true,"showVisualEffectGraphs":true,"m_FxEnabled":true},"in2DMode":false,"pivot":{"x":-118.69055938720703,"y":-1.5524976253509522,"z":29.033353805541993},"rotation":{"x":-0.09643049538135529,"y":0.44927075505256655,"z":-0.048851870000362399,"w":-0.8868406414985657},"size":8.21556568145752,"orthographic":false}