{"cameraMode":{"drawMode":0,"name":"Shaded","section":"Shading Mode"},"sceneLighting":true,"audioPlay":false,"sceneViewState":{"m_AlwaysRefresh":false,"showFog":true,"showSkybox":true,"showFlares":true,"showImageEffects":true,"showParticleSystems":true,"showVisualEffectGraphs":true,"m_FxEnabled":true},"in2DMode":false,"pivot":{"x":-195.3331756591797,"y":-33.08454513549805,"z":71.31360626220703},"rotation":{"x":-0.05853891372680664,"y":-0.08999975025653839,"z":0.005296109709888697,"w":-0.9942566752433777},"size":16.498262405395509,"orthographic":false}