{"cameraMode":{"drawMode":0,"name":"Shaded","section":"Shading Mode"},"sceneLighting":true,"audioPlay":false,"sceneViewState":{"m_AlwaysRefresh":false,"showFog":true,"showSkybox":true,"showFlares":true,"showImageEffects":true,"showParticleSystems":true,"showVisualEffectGraphs":true,"m_FxEnabled":true},"in2DMode":false,"pivot":{"x":-52.39878463745117,"y":-10.719796180725098,"z":30.286325454711915},"rotation":{"x":-0.006610562093555927,"y":-0.7047415971755981,"z":0.006554999854415655,"w":-0.7094215750694275},"size":21.951805114746095,"orthographic":false}