{"cameraMode":{"drawMode":0,"name":"Shaded","section":"Shading Mode"},"sceneLighting":true,"audioPlay":false,"sceneViewState":{"m_AlwaysRefresh":false,"showFog":true,"showSkybox":true,"showFlares":true,"showImageEffects":true,"showParticleSystems":true,"showVisualEffectGraphs":true,"m_FxEnabled":true},"in2DMode":false,"pivot":{"x":-210.31036376953126,"y":-73.64868927001953,"z":160.26605224609376},"rotation":{"x":-0.022666379809379579,"y":-0.1463383436203003,"z":0.0026647080667316915,"w":-0.9892159104347229},"size":3.1175944805145265,"orthographic":false}