{"cameraMode":{"drawMode":0,"name":"Shaded","section":"Shading Mode"},"sceneLighting":false,"audioPlay":false,"sceneViewState":{"m_AlwaysRefresh":false,"showFog":true,"showSkybox":false,"showFlares":true,"showImageEffects":true,"showParticleSystems":true,"showVisualEffectGraphs":true,"m_FxEnabled":true},"in2DMode":false,"pivot":{"x":-59.89385986328125,"y":3.4940900802612306,"z":72.44573211669922},"rotation":{"x":0.008014176040887833,"y":-0.6134762763977051,"z":0.005813980475068092,"w":0.7898090481758118},"size":0.7814722061157227,"orthographic":false}