{"cameraMode":{"drawMode":0,"name":"Shaded","section":"Shading Mode"},"sceneLighting":true,"audioPlay":false,"sceneViewState":{"m_AlwaysRefresh":false,"showFog":true,"showSkybox":true,"showFlares":true,"showImageEffects":true,"showParticleSystems":true,"showVisualEffectGraphs":true,"m_FxEnabled":true},"in2DMode":false,"pivot":{"x":-65.13163757324219,"y":-14.348783493041993,"z":57.72395324707031},"rotation":{"x":-0.01929028145968914,"y":0.9500736594200134,"z":-0.059932760894298556,"w":-0.30577167868614199},"size":23.68355941772461,"orthographic":false}