{"cameraMode":{"drawMode":0,"name":"Shaded","section":"Shading Mode"},"sceneLighting":true,"audioPlay":false,"sceneViewState":{"m_AlwaysRefresh":false,"showFog":true,"showSkybox":true,"showFlares":true,"showImageEffects":true,"showParticleSystems":true,"showVisualEffectGraphs":true,"m_FxEnabled":true},"in2DMode":false,"pivot":{"x":-185.17161560058595,"y":-31.471240997314454,"z":54.01582336425781},"rotation":{"x":0.04114551097154617,"y":-0.04455307126045227,"z":0.007076461799442768,"w":0.9981535077095032},"size":1.1732087135314942,"orthographic":false}