{"cameraMode":{"drawMode":0,"name":"Shaded","section":"Shading Mode"},"sceneLighting":true,"audioPlay":false,"sceneViewState":{"m_AlwaysRefresh":false,"showFog":true,"showSkybox":true,"showFlares":true,"showImageEffects":true,"showParticleSystems":true,"showVisualEffectGraphs":true,"m_FxEnabled":true},"in2DMode":false,"pivot":{"x":-143.65744018554688,"y":-52.605438232421878,"z":40.83987045288086},"rotation":{"x":0.17574800550937653,"y":-0.49584150314331057,"z":0.10952987521886826,"w":0.8433639407157898},"size":92.45962524414063,"orthographic":false}