{"cameraMode":{"drawMode":0,"name":"Shaded","section":"Shading Mode"},"sceneLighting":false,"audioPlay":false,"sceneViewState":{"m_AlwaysRefresh":false,"showFog":true,"showSkybox":false,"showFlares":true,"showImageEffects":true,"showParticleSystems":true,"showVisualEffectGraphs":true,"m_FxEnabled":true},"in2DMode":false,"pivot":{"x":-0.13677513599395753,"y":-0.1765221655368805,"z":0.8566744327545166},"rotation":{"x":-0.10556059330701828,"y":-0.051280900835990909,"z":0.00544977281242609,"w":-0.9930807948112488},"size":0.8359937071800232,"orthographic":false}